{"schemaVersion":"1.0","appDefinitionTemplate":{"id":"/providers/Microsoft.PowerApps/apps/","type":"Microsoft.PowerApps/apps","tags":{"primaryDeviceWidth":"640","primaryDeviceHeight":"1136","supportsPortrait":"true","supportsLandscape":"true","primaryFormFactor":"Phone","showStatusBar":"false","publisherVersion":"3.25103.11","minimumRequiredApiVersion":"2.2.0","hasComponent":"false","hasUnlockedComponent":"false","isUnifiedRootApp":"false","sienaVersion":"20251029T204938Z-3.25103.11.0"},"properties":{"appVersion":"2025-10-29T20:49:38Z","lifeCycleId":"Published","createdByClientVersion":{"major":3,"minor":25103,"build":11,"revision":0,"majorRevision":0,"minorRevision":0},"minClientVersion":{"major":3,"minor":25103,"build":11,"revision":0,"majorRevision":0,"minorRevision":0},"backgroundColor":"RGBA(0,176,240,1)","backgroundImageUri":"/7611012894424034309/Nbc235b0a-9ebe-4f67-9382-ac5e985c62a1-logoSmallFile","displayName":"Task Tracker Phone App","description":"This Task Tracker Phone app will help you to track your tasks. Enjoy!","commitMessage":"","appUris":{"documentUri":{"value":"/7611012894424034309/N661b16f4-600e-4984-8046-cddeccf36790-document.msapp"},"imageUris":[],"additionalUris":[{"isSolutionAware":false,"value":"/7611012894424034309/N1ff87e0a-910e-4582-afa0-4a30f9b9444e-identity.json"}]},"createdTime":"0001-01-01T00:00:00Z","lastModifiedTime":"0001-01-01T00:00:00Z","sharedGroupsCount":0,"sharedUsersCount":0,"connectionReferences":{"4c97f5fc-c521-4085-b422-68f074a13018":{"id":"4ef0c3f7-3320-4109-b013-a8b7feb99e18","displayName":"SharePoint","iconUri":"https://conn-afd-prod-endpoint-bmc9bqahasf3grgk.b01.azurefd.net/v1.0.1769/1.0.1769.4352/sharepointonline/icon.png","dataSources":["Task"],"dependencies":[],"dependents":[],"parameterHints":{},"parameterHintsV2":{},"isOnPremiseConnection":false,"bypassConsent":false,"dataSets":{"https://livealbany.sharepoint.com/sites/GRP-Apps":{"dataSources":{"Task":{"tableName":"defd3cdc-8c9c-48c0-8d2e-135e9c47f7e9"}}}},"apiTier":"Standard","isCustomApiConnection":false,"actions":["providers/PowerPlatform.Governance/Operations/Read","providers/PowerPlatform.Governance/Operations/Write","providers/PowerPlatform.Governance/Operations/Delete"]}},"databaseReferences":{},"almMode":"Environment","performanceOptimizationEnabled":true,"canConsumeAppPass":true,"enableModernRuntimeMode":false,"executionRestrictions":{"isTeamsOnly":false,"dataLossPreventionEvaluationResult":{"status":"Compliant","lastEvaluationDate":"2025-10-29T18:50:18.4775037Z","violations":[],"violationsByPolicy":[],"violationErrorMessage":"The app uses the following connectors: shared_sharepointonline."}}},"isAppComponentLibrary":false,"appType":"ClassicCanvasApp","appComponents":[]}}